2026-09-18T06:00:41Z	map-src4	clean	sonnet	39149	3044	ok
2026-09-18T06:01:25Z	map-src2	clean	sonnet	261735	8145	ok
2026-09-18T06:01:39Z	map-src3	clean	sonnet	167277	8615	ok
2026-09-18T06:02:23Z	map-src5	clean	sonnet	485575	13575	ok
2026-09-18T06:03:11Z	map-src1	clean	sonnet	1321990	19849	ok
2026-09-18T06:05:38Z	extract:security-audit:installed	clean	sonnet	35539	4735	ok
2026-09-18T06:05:49Z	extract:security-audit:src4	clean	sonnet	507907	6119	ok
2026-09-18T06:07:05Z	judge:security-audit:XY:XY	clean	sonnet	24860	7630	ok
2026-09-18T06:07:07Z	judge:security-audit:YX:YX	clean	sonnet	24863	6704	ok
2026-09-18T06:11:14Z	extract:overengineering-review:src1	clean	sonnet	21177	2701	ok
2026-09-18T06:11:18Z	extract:diagram:installed	clean	sonnet	78412	3163	ok
2026-09-18T06:11:39Z	extract:evidence:src2	clean	sonnet	29664	1509	ok
2026-09-18T06:12:14Z	extract:diagram:src5	clean	sonnet	706133	8876	ok
2026-09-18T06:12:14Z	extract:experiment-loop:installed	clean	sonnet	39541	3644	ok
2026-09-18T06:12:54Z	extract:delegation:src2	clean	sonnet	29786	3034	ok
2026-09-18T06:13:01Z	extract:experiment-loop:src2	clean	sonnet	33752	3998	ok
2026-09-18T06:13:05Z	extract:evidence:installed	clean	sonnet	154892	10861	ok
2026-09-18T06:13:28Z	extract:orchestration:src3	clean	sonnet	30282	2374	ok
2026-09-18T06:13:41Z	extract:delegation:installed	clean	sonnet	39214	4858	ok
2026-09-18T06:13:57Z	extract:overengineering-review:installed	clean	sonnet	85742	10505	ok
2026-09-18T06:13:58Z	extract:figures:installed	clean	sonnet	37140	2097	ok
2026-09-18T06:14:25Z	extract:orchestration:installed	clean	sonnet	39496	8306	ok
2026-09-18T06:14:45Z	extract:figures:src2	clean	sonnet	113533	5866	ok
2026-09-18T06:15:53Z	extract:diagram:installed	clean	sonnet	40108	6917	ok
2026-09-18T06:16:52Z	judge:diagram:XY:XY	clean	sonnet	24956	5719	ok
2026-09-18T06:17:27Z	judge:evidence:XY:XY	clean	sonnet	23657	2290	ok
2026-09-18T06:17:29Z	judge:diagram:YX:YX	clean	sonnet	24958	9387	ok
2026-09-18T06:18:01Z	judge:overengineering-review:YX:YX	clean	sonnet	24456	12358	ok
2026-09-18T06:18:17Z	judge:overengineering-review:XY:XY	clean	sonnet	24460	13869	ok
2026-09-18T06:18:30Z	judge:experiment-loop:XY:XY	clean	sonnet	23988	5441	ok
2026-09-18T06:18:37Z	judge:evidence:YX:YX	clean	sonnet	23650	6455	ok
2026-09-18T06:19:33Z	judge:delegation:YX:YX	clean	sonnet	22753	5750	ok
2026-09-18T06:19:39Z	judge:orchestration:XY:XY	clean	sonnet	24102	5597	ok
2026-09-18T06:19:44Z	judge:experiment-loop:YX:YX	clean	sonnet	23987	9814	ok
2026-09-18T06:19:50Z	judge:delegation:XY:XY	clean	sonnet	22747	9081	ok
2026-09-18T06:20:45Z	judge:figures:XY:XY	clean	sonnet	23440	6104	ok
2026-09-18T06:20:52Z	judge:figures:YX:YX	clean	sonnet	23431	6528	ok
2026-09-18T06:21:11Z	judge:orchestration:YX:YX	clean	sonnet	24093	8452	ok
2026-09-18T06:21:42Z	judge:evidence:ESC:YX	clean	opus	15966	2924	ok
2026-09-18T06:21:49Z	judge:orchestration:ESC:YX	clean	opus	16415	3186	ok
2026-09-18T06:23:55Z	adopt-src1	clean	sonnet	302726	12131	ok
2026-09-18T06:26:30Z	adopt-src7	clean	sonnet	845924	11166	ok
2026-09-18T06:28:17Z	adopt-src9	clean	sonnet	702094	8722	ok
2026-09-18T06:30:35Z	adopt-src11	clean	sonnet	1488362	9558	ok
2026-09-18T06:32:41Z	adopt-src8	clean	sonnet	930597	9278	ok
2026-09-18T06:34:28Z	adopt-src10	clean	sonnet	511255	7983	ok
2026-09-18T06:36:12Z	adopt-src6	clean	sonnet	820643	9635	ok
